soc,wage_50_comparison_groups,wage_10,wage_25,wage_50,education,experience,training,english,health_insurance_pct,regular_schedule_pct,full_time_pct,safety_conditions,male_75+_pct,male_pct,employment_2014,employment_2024,growth_2014_2024,growth_2014_2024_pct,growth_replacement_2014_2024
353021,30000,16570,17630,18910,0,None,Short-term on-the-job training,3.3,0.523,0.609,0.036,10,No,0.391,3159.7,3503.2,343.5,0.109,1364.6
359031,27000,16710,17840,19180,0,None,None,3.1,0.482,0.872,-1.709,9,No,0.154,376.4,393.2,16.7,0.044,283.8
393031,35000,16730,17910,19180,0,None,Short-term on-the-job training,3.4,0.881,0.441,-1.29,11,No,0.686,113.9,120,6.1,0.053,77.9
353022,25000,16890,18040,19230,0,None,Short-term on-the-job training,3.3,0.433,0.713,-1.254,10,No,0.312,481.2,510,28.9,0.06,318.1
393091,32000,16870,18010,19280,0,None,Short-term on-the-job training,3.2,0.668,0.592,0.08,12,No,0.581,288.6,310.9,22.3,0.077,143.2
359011,29700,16950,18140,19280,0,None,Short-term on-the-job training,3.5,0.432,0.835,0.098,11,No,0.674,415.3,440.7,25.4,0.061,233
359021,27000,16920,18160,19340,0,None,Short-term on-the-job training,2.1,0.28,0.893,0.144,8,Yes,0.852,507.4,487.9,-19.5,-0.039,219.3
339092,26800,16770,17980,19500,0,None,Short-term on-the-job training,2.6,0.713,0.191,-0.566,11,No,0.626,141.3,150.8,9.5,0.067,29.4
353011,30000,16980,18190,19530,0,None,Short-term on-the-job training,3.2,0.447,0.592,0.343,9,No,0.474,580.9,640.9,60.1,0.103,278.3
353041,27400,17030,18360,20420,0,None,Short-term on-the-job training,3.4,0.698,0.578,0.401,12,No,0.361,253.1,287,33.8,0.134,96
516021,26100,17090,18560,20470,0,None,Short-term on-the-job training,2.7,0.35,0.563,0.72,10,No,0.442,51.5,48.1,-3.4,-0.066,12.1
536021,31000,17550,18870,20630,0,None,Short-term on-the-job training,3.1,0.585,0.802,0.609,9,Yes,0.857,135.6,141.3,5.8,0.042,81.3
392021,27000,17160,18580,21010,1,None,Short-term on-the-job training,2.7,0.567,0.851,0.447,11,No,0.277,204.8,226.4,21.6,0.106,63.8
393093,32000,17200,18550,21020,1,None,Short-term on-the-job training,3.4,0.668,0.84,0.08,10,No,0.581,18.6,19.4,0.9,0.047,8.6
434081,32000,17070,18550,21040,1,None,Short-term on-the-job training,3.5,0.55,0.881,0.708,8,No,0.381,243.2,265.1,21.9,0.09,147.7
452041,26000,18040,19230,21100,0,None,Short-term on-the-job training,2.1,0.469,0.529,0.908,11,No,0.35,53,48.9,-4.1,-0.078,8.5
396011,29300,17260,18580,21160,1,None,Short-term on-the-job training,3.8,0.775,0.674,0.795,9,Yes,0.83,43.6,47.1,3.5,0.08,12.4
537061,30000,17400,18870,21310,0,None,Short-term on-the-job training,2.8,0.489,0.8,0.741,12,Yes,0.894,346.9,380,33.1,0.095,154
393021,27000,17360,18800,21490,0,None,Short-term on-the-job training,2.6,0.893,0.845,0.088,11,Yes,0.912,6.7,5.5,-1.2,-0.182,2.7
536031,30000,17550,18960,21560,0,None,Short-term on-the-job training,2.8,0.498,0.786,0.641,11,Yes,0.899,105.8,117.6,11.7,0.111,53.8
419091,32000,17940,19200,22210,0,None,Short-term on-the-job training,2.5,0.4,0.6,0.095,4,No,0.599,80.2,79.1,-1.1,-0.014,6.6
399099,28300,17890,19330,22310,1,None,Short-term on-the-job training,na,0.469,na,0.482,na,No,0.596,93.2,99.1,5.9,0.063,26.9
533031,30000,17310,18740,22450,1,None,Short-term on-the-job training,3,0.666,0.755,0.919,12,Yes,0.951,445.3,466.1,20.8,0.047,96.6
399032,30000,17660,19190,23320,1,None,Short-term on-the-job training,3.5,0.679,0.527,0.341,12,No,0.459,379.3,418.3,38.9,0.103,108.9
533041,30000,17830,19630,23510,0,None,Short-term on-the-job training,3.1,0.389,0.342,0.847,12,Yes,0.895,233.7,264.4,30.6,0.131,74.8
419041,29000,17730,19460,23530,0,None,Short-term on-the-job training,3.6,0.59,0.931,0.706,7,No,0.383,237.9,230.8,-7.2,-0.03,43.9
516041,37000,17780,19590,23630,1,None,Moderate-term on-the-job training,2.8,0.367,0.858,0.814,9,No,0.63,9.7,8.2,-1.5,-0.151,1.6
516051,30000,18240,19840,23640,0,None,Moderate-term on-the-job training,2.9,0.44,0.407,0.746,6,No,0.364,12,10.8,-1.2,-0.098,4
513099,28900,18350,20270,23720,0,None,Moderate-term on-the-job training,na,0.758,na,0.938,na,No,0.682,44.4,47.7,3.3,0.074,12.4
533011,28100,18190,20230,23740,1,None,Moderate-term on-the-job training,3.5,0.622,0.747,0.816,12,No,0.743,19.6,26.1,6.5,0.33,9.8
394021,32000,17620,19850,23770,1,None,Short-term on-the-job training,3.4,0.595,0.388,0.636,10,Yes,0.911,36.1,35.7,-0.4,-0.012,7.9
513022,30000,18330,20420,23870,0,None,Short-term on-the-job training,2.5,0.695,0.746,0.864,10,Yes,0.781,152.4,152.3,-0.2,-0.001,30.1
519198,25500,17930,19860,23960,0,None,Short-term on-the-job training,2.7,0.541,0.927,0.752,11,Yes,0.811,419.2,403.2,-16.1,-0.038,136.8
397011,27000,17790,19430,24100,1,None,Moderate-term on-the-job training,4,0.415,0.458,0.489,11,No,0.693,43.5,45.7,2.2,0.051,19.3
513011,28000,18140,19960,24170,0,None,Long-term on-the-job training,3.3,0.556,0.861,0.62,10,No,0.509,185.3,198.3,13,0.07,53.6
493093,30000,18240,20370,24220,1,None,Short-term on-the-job training,2.9,0.524,0.76,0.832,11,Yes,0.996,105.5,109.9,4.3,0.041,40.3
319096,25000,18060,20340,24360,1,None,Short-term on-the-job training,3.4,0.732,0.897,0.643,11,No,0.171,73.4,80,6.6,0.09,21.9
412021,25000,17860,19530,24440,0,None,Short-term on-the-job training,3.2,0.651,0.811,0.711,9,No,0.55,442.1,458.5,16.3,0.037,125.8
319095,34100,18050,20350,24450,1,None,Short-term on-the-job training,3.4,0.775,1,0.573,11,No,0.192,41.5,41.6,0.1,0.003,8.8
434121,29500,17800,19500,24480,1,None,Short-term on-the-job training,4,0.856,0.996,0.064,10,No,0.24,108.8,114.7,5.9,0.054,39.6
339032,28600,18350,20370,24630,1,None,Short-term on-the-job training,2.1,0.658,0.864,0.818,11,Yes,0.768,1095.4,1150.9,55.5,0.051,209.6
395011,30000,17940,19830,24850,2,None,None,2.7,0.297,0.745,0.762,8,Yes,0.836,59.2,65.1,6,0.101,17
272023,29000,17890,19300,24870,1,None,Moderate-term on-the-job training,3.1,0.724,0.188,0.46,8,Yes,0.758,19.8,20.7,1,0.048,7.6
259041,30000,17920,19920,24900,3,None,None,3.5,0.767,0.997,0.632,8,No,0.155,1234.1,1312.8,78.6,0.064,374.5
419011,30000,19080,21300,24940,1,None,Short-term on-the-job training,3.3,0.638,0.65,0.026,9,No,0.472,93,101.3,8.2,0.089,35.8
399041,30000,17880,20480,24990,1,None,Short-term on-the-job training,3.8,0.854,0.805,0.04,10,No,0.437,103.7,117.9,14.1,0.136,45.7
271023,29000,18310,20590,25010,1,None,Moderate-term on-the-job training,3.4,0.779,0.749,0.845,8,No,0.52,58.7,56.7,-2,-0.034,14
373011,29400,18460,20820,25030,0,None,Short-term on-the-job training,3.4,0.403,0.463,0.822,12,Yes,0.965,1167.8,1239.6,71.7,0.061,282.3
339091,26800,17890,19680,25100,0,None,Short-term on-the-job training,2.1,0.713,0.442,-0.566,10,No,0.626,69.8,74.2,4.5,0.064,17
312022,35000,18720,21280,25120,1,None,Short-term on-the-job training,3.5,0.815,0.951,0.651,11,No,0.326,50,69.5,19.5,0.39,34
516042,37000,17680,20210,25190,1,None,Short-term on-the-job training,2.9,0.367,0.458,0.814,9,No,0.63,3.5,2.5,-1.1,-0.305,0.4
516062,29000,18630,20730,25490,1,None,Moderate-term on-the-job training,3.3,0.611,0.852,0.945,9,No,0.742,14.3,10.6,-3.7,-0.257,2.3
513023,30000,19110,21600,25650,0,None,Short-term on-the-job training,2.4,0.695,0.762,0.864,11,Yes,0.781,86.4,85.9,-0.5,-0.006,17.1
516052,30000,18520,20990,25830,0,None,Moderate-term on-the-job training,3,0.44,0.565,0.746,9,No,0.364,40.5,37,-3.4,-0.085,13.5
433041,35400,19070,21480,25860,1,None,Short-term on-the-job training,3.5,0.719,0.851,0.907,8,No,0.255,11.3,11.9,0.6,0.05,2.7
536061,30000,18110,19680,25930,1,None,Short-term on-the-job training,3.5,0.698,0.741,0.649,11,No,0.68,16.5,17.6,1,0.064,4.1
454011,30000,18870,19600,26190,1,None,Moderate-term on-the-job training,3.8,0.742,0.246,0.923,12,Yes,0.894,14,14.6,0.6,0.042,3.9
516061,29000,19450,21800,26340,1,None,Short-term on-the-job training,2.8,0.611,0.868,0.945,11,No,0.742,11.7,8.9,-2.8,-0.239,1.2
499098,26000,18320,20920,26400,1,None,Short-term on-the-job training,3.3,0.424,0.75,0.936,11,Yes,0.905,129,141.2,12.2,0.094,53.8
433071,27000,20320,22540,26410,1,None,Short-term on-the-job training,3.7,0.832,0.94,0.682,6,No,0.175,520.5,480.5,-40,-0.077,203.6
473014,28000,19220,21830,26480,0,None,Short-term on-the-job training,3.1,0.518,0.397,0.887,10,Yes,0.976,11.9,13.1,1.2,0.105,2.7
519151,28700,19170,21690,26590,1,None,Short-term on-the-job training,3.1,0.744,na,0.788,na,No,0.496,28.8,19.4,-9.5,-0.329,5.6
392011,35000,18160,20640,26610,1,None,Moderate-term on-the-job training,3.1,0.481,0.634,0.76,12,No,0.408,36.8,40.9,4.1,0.111,17.4
519031,28000,19120,21570,26820,0,None,Short-term on-the-job training,1.9,0.665,0.871,0.803,11,Yes,0.79,15.8,13,-2.8,-0.175,3.1
516064,28000,20110,22840,26870,1,None,Moderate-term on-the-job training,2.3,0.738,0.982,0.985,12,No,0.458,26,20.3,-5.6,-0.217,4.2
273012,29100,17430,19160,26930,1,None,Short-term on-the-job training,2.8,0.655,0.286,0.521,9,Yes,0.76,10.2,10.5,0.3,0.029,3.2
513092,28000,18740,21180,26950,1,None,Moderate-term on-the-job training,2.9,0.738,0.756,0.792,11,No,0.491,122.5,122,-0.5,-0.004,26.4
473016,28000,19680,22500,27110,0,None,Short-term on-the-job training,2.8,0.518,0.375,0.887,11,Yes,0.976,11.3,13,1.7,0.153,3.1
516063,33000,19110,22150,27220,1,None,Short-term on-the-job training,2.8,0.955,0.702,0.984,12,No,0.456,27.9,20.6,-7.3,-0.262,4.6
435021,30000,18880,21670,27280,1,None,Short-term on-the-job training,3.1,0.705,0.886,0.832,11,Yes,0.882,92.9,97.7,4.8,0.052,16.5
434171,30000,19070,22140,27300,1,None,Short-term on-the-job training,3.9,0.739,0.834,0.651,9,No,0.104,1028.6,1126.3,97.8,0.095,375
453011,30000,18760,21550,27340,0,None,Moderate-term on-the-job training,2.5,0.393,0.122,0.897,12,Yes,0.968,14.2,14.1,-0.01,-0.007,3.5
432011,32000,19410,22410,27440,1,None,Short-term on-the-job training,3.7,0.868,0.941,0.858,8,No,0.191,112.4,75.4,-37,-0.329,13.3
493091,30000,19060,22140,27470,1,None,Moderate-term on-the-job training,4,0.524,0.496,0.832,11,Yes,0.996,10.8,13.2,2.3,0.217,6
419012,30000,17050,18780,27530,0,None,None,1.8,0.638,0.328,0.026,6,No,0.472,5.8,5.8,0,-0.002,1.7
513093,25000,18720,21270,27760,1,None,Moderate-term on-the-job training,3.5,0.55,0.745,0.806,11,No,0.653,37.5,38,0.5,0.013,8.3
517041,35000,19020,22250,27800,1,None,Short-term on-the-job training,2.2,0.563,0.572,0.938,11,Yes,0.929,50,49.5,-0.5,-0.011,14.2
517042,30000,19380,22520,27820,1,None,Short-term on-the-job training,2.3,0.655,0.913,0.995,10,Yes,0.92,72.1,70.4,-1.7,-0.024,12.5
434071,30000,19080,22090,27850,1,None,Short-term on-the-job training,3.7,0.825,0.999,0.734,7,No,0.254,159,150.1,-8.9,-0.056,32
473012,28000,19280,22560,27890,0,None,Short-term on-the-job training,3.9,0.518,0.616,0.887,12,Yes,0.976,39.7,42.7,3,0.075,8
513091,25000,19140,22180,28060,0,None,Moderate-term on-the-job training,2,0.774,0.211,0.809,11,No,0.748,18.5,18.7,0.1,0.007,4
473015,28000,20050,23470,28500,1,None,Short-term on-the-job training,3.3,0.518,0.44,0.887,12,Yes,0.976,52.4,59.4,7,0.134,13.6
439051,34000,18720,22220,28570,1,None,Short-term on-the-job training,2.2,0.755,0.659,0.808,10,No,0.454,104.9,85.1,-19.8,-0.188,21.4
519022,29100,19800,23080,28610,0,None,Moderate-term on-the-job training,3.1,0.777,0.66,0.972,11,Yes,0.864,29.9,27.3,-2.6,-0.088,6.5
339099,26800,18740,21580,28650,1,None,Short-term on-the-job training,4.1,0.713,0.872,-0.566,9,No,0.626,113.8,120.4,6.6,0.058,22.6
435111,30000,19150,22250,28690,1,None,Short-term on-the-job training,2.9,0.808,0.669,0.886,12,No,0.551,71.3,71.2,-0.1,-0.001,21.1
473013,28000,19680,23480,28730,1,None,Short-term on-the-job training,3.6,0.518,0.251,0.887,10,Yes,0.976,69,81.5,12.5,0.18,21.1
439071,27000,19340,23020,29010,1,None,Short-term on-the-job training,3.8,0.755,0.991,0.675,9,No,0.524,69.6,58,-11.5,-0.166,15.8
396012,29300,19830,23050,29030,1,None,Moderate-term on-the-job training,4.3,0.775,0.581,0.795,6,Yes,0.83,31.2,34.4,3.3,0.104,9.6
513021,30000,19200,22570,29130,0,None,Long-term on-the-job training,2,0.695,0.688,0.864,10,Yes,0.781,139,146,7,0.05,34.4
517021,26000,19840,23760,29200,1,None,Short-term on-the-job training,1.9,0.563,0.586,0.893,11,Yes,0.86,17.1,16.7,-0.4,-0.024,3
533099,31200,17830,19770,29230,0,None,Short-term on-the-job training,na,0.743,na,0.7,na,Yes,0.841,62,67.3,5.3,0.086,24.3
519123,28000,19390,23050,29270,0,None,Moderate-term on-the-job training,2.1,0.698,0.686,0.95,12,Yes,0.903,17.5,17.2,-0.3,-0.02,3.3
473011,28000,20770,24390,29320,0,None,Short-term on-the-job training,3,0.518,0.233,0.887,12,Yes,0.976,23.5,28.8,5.3,0.224,8.2
537063,37000,19350,22420,29440,0,None,Short-term on-the-job training,2.9,0.713,0.73,0.706,12,No,0.687,104.2,100.7,-3.5,-0.034,22.9
439021,30000,20030,23950,29460,1,None,Moderate-term on-the-job training,3.7,0.806,0.979,0.822,7,No,0.239,216.8,208.9,-7.9,-0.037,27.6
533022,33000,18210,22310,29490,1,None,Short-term on-the-job training,3.4,0.806,0.768,0.644,10,No,0.556,497.3,524.9,27.7,0.056,93
439061,30000,18840,22540,29580,1,None,Short-term on-the-job training,3.7,0.795,1,0.763,10,No,0.194,3062.5,3158.2,95.8,0.031,756.2
519195,32000,19800,23610,29630,1,None,Long-term on-the-job training,3.2,0.571,0.964,0.855,11,Yes,0.877,41.4,38.9,-2.5,-0.06,14.2
412022,30000,18800,22400,29650,0,None,Moderate-term on-the-job training,3.5,0.764,0.946,0.911,10,Yes,0.871,234.7,251.5,16.8,0.072,68.9
519194,31000,19680,23500,29810,1,None,Moderate-term on-the-job training,3.9,0.521,0.678,0.823,9,Yes,0.79,9.7,9.5,-0.3,-0.027,2.5
533033,30000,18860,22390,29850,1,None,Short-term on-the-job training,3,0.666,0.679,0.919,10,Yes,0.951,884.7,911.9,27.3,0.031,177.8
519083,32000,20610,24500,29860,1,None,Moderate-term on-the-job training,3,0.741,0.818,0.829,10,No,0.454,30.2,33.2,3,0.098,10.2
499095,30000,19640,24190,30050,1,None,Short-term on-the-job training,3.3,0.623,0.531,0.909,12,Yes,0.957,4,2.8,-1.2,-0.3,1
515113,30000,19590,23550,30260,1,None,Short-term on-the-job training,2.9,0.791,0.662,0.86,8,No,0.63,51.2,44.2,-7,-0.137,7.7
351012,30000,19990,23430,30340,1,Less than 5 years,None,2.9,0.563,0.575,0.744,10,No,0.475,890.1,978.6,88.5,0.099,352.9
435071,30000,20230,24500,30450,1,None,Short-term on-the-job training,3.2,0.77,0.759,0.902,11,No,0.72,670.2,655.7,-14.5,-0.022,145.5
514193,30000,20730,24720,30550,1,None,Moderate-term on-the-job training,2.5,0.806,0.593,0.982,10,Yes,0.807,36.1,29.4,-6.7,-0.184,8.9
319092,30000,22040,26080,30590,2,None,None,3.8,0.777,1,0.831,10,No,0.088,591.3,730.2,138.9,0.235,262.1
211093,32000,20120,24390,30830,1,None,Short-term on-the-job training,4.2,0.842,0.787,0.862,8,No,0.237,386.6,430.8,44.2,0.114,120
512022,30000,20240,24540,30860,1,None,Moderate-term on-the-job training,2.4,0.752,0.632,0.958,10,No,0.533,207.2,197,-10.2,-0.049,25.5
339031,28600,21460,25780,31170,1,None,Short-term on-the-job training,3.8,0.658,0.961,0.818,8,Yes,0.768,7,6.6,-0.5,-0.07,1
514031,29900,20800,25160,31280,1,None,Moderate-term on-the-job training,2.8,0.757,0.769,0.956,11,Yes,0.826,192.2,152.7,-39.5,-0.206,24.3
492096,33000,19310,24000,31360,2,None,Short-term on-the-job training,3.5,0.77,0.796,1,11,Yes,0.919,11.5,5.8,-5.8,-0.5,2
434111,32000,20520,25640,31410,1,None,Short-term on-the-job training,3.7,0.856,0.721,0.777,7,No,0.2,198,208.3,10.4,0.052,55.5
319097,27000,22850,26690,31630,2,None,None,4.3,0.876,0.905,0.818,9,No,0.126,112.7,140.8,28.1,0.249,51.6
274021,32000,18850,22600,31710,1,None,Long-term on-the-job training,3.2,0.612,0.08,0.633,4,No,0.569,124.9,128.8,3.9,0.031,34.5
519191,25000,21040,25220,31710,1,None,Moderate-term on-the-job training,3.4,0.73,0.692,0.955,12,No,0.549,18.4,17.1,-1.2,-0.068,4.8
512021,30000,20390,24650,31730,1,None,Moderate-term on-the-job training,2.2,0.752,0.861,0.958,11,No,0.533,14.9,14.1,-0.9,-0.057,1.8
472061,30000,20640,25380,31910,0,None,Short-term on-the-job training,3.2,0.437,0.411,0.899,12,Yes,0.975,1159.1,1306.5,147.4,0.127,378.6
519121,28000,21400,25740,31940,1,None,Moderate-term on-the-job training,2.5,0.698,0.947,0.95,12,Yes,0.903,97.7,97,-0.7,-0.007,18.4
292041,29000,20860,25490,31980,2,None,None,4.3,0.862,0.809,0.918,12,No,0.722,241.2,299.6,58.5,0.242,98
516093,29000,19940,24620,32020,1,None,Moderate-term on-the-job training,3.1,0.467,0.726,0.924,8,Yes,0.845,42.2,40.4,-1.8,-0.043,10.8
537011,25700,21770,26410,32050,0,None,Short-term on-the-job training,4,0.813,0.338,0.911,12,Yes,0.856,39.7,39.6,-0.1,-0.002,11.5
537051,30000,21640,26040,32090,0,None,Short-term on-the-job training,3.5,0.734,0.692,0.957,11,Yes,0.932,530.9,543.5,12.6,0.024,144.7
519041,28000,21040,25570,32160,1,None,Moderate-term on-the-job training,2.7,0.771,0.759,0.954,10,Yes,0.871,68.2,59,-9.2,-0.136,24.4
372021,30000,21270,26210,32160,1,None,Moderate-term on-the-job training,3.1,0.673,0.536,0.923,12,Yes,0.962,74.1,73.2,-0.9,-0.012,18.6
519032,28000,21010,25490,32190,1,None,Short-term on-the-job training,2.5,0.665,0.735,0.803,10,Yes,0.79,63.6,58.4,-5.2,-0.081,12.7
517011,32000,20550,25380,32270,1,None,Moderate-term on-the-job training,2.2,0.642,0.574,0.94,9,Yes,0.962,98.1,99.3,1.3,0.013,9.2
254031,29000,19420,24530,32310,2,None,None,3.9,0.788,0.957,-0.973,5,No,0.33,101.8,107.1,5.3,0.052,53.9
434151,28000,19950,24930,32330,1,None,Short-term on-the-job training,2.7,0.789,0.792,0.846,10,No,0.428,195.9,194.3,-1.5,-0.008,53.1
474031,30000,21230,26120,32450,0,None,Moderate-term on-the-job training,2.4,0.351,0.109,0.88,12,Yes,1,24.4,26.4,2,0.08,6.7
373012,29400,22720,26990,32540,1,None,Moderate-term on-the-job training,3.5,0.403,0.466,0.822,12,Yes,0.965,36.4,37.8,1.4,0.038,7.9
514071,29000,22370,26750,32680,1,None,Moderate-term on-the-job training,2.2,0.764,0.636,0.977,10,Yes,0.787,12,8.7,-3.3,-0.277,1.8
499091,26000,19720,24610,32700,1,None,Short-term on-the-job training,3.9,0.728,0.883,0.795,11,Yes,0.88,34.9,31.9,-3,-0.087,4.6
493053,30000,21090,26170,32710,1,None,Moderate-term on-the-job training,3.5,0.537,0.315,0.921,11,Yes,0.982,32.3,33.8,1.5,0.048,8.1
514033,29900,21280,25900,32840,1,None,Moderate-term on-the-job training,2.6,0.757,0.804,0.956,12,Yes,0.826,71.4,55.8,-15.7,-0.219,29.8
516091,27000,21380,26270,32980,1,None,Moderate-term on-the-job training,2.8,0.642,0.916,0.941,10,No,0.675,20.1,17.3,-2.8,-0.141,2.1
514021,36000,21580,26350,33120,1,None,Moderate-term on-the-job training,3.5,0.782,0.722,1,11,Yes,0.873,73.4,55.5,-17.9,-0.244,18.1
419099,28000,19470,24380,33240,1,None,None,na,0.815,na,0.857,na,No,0.562,103,114,11,0.107,25.4
319093,30700,23030,27300,33330,1,None,Moderate-term on-the-job training,3.9,0.768,0.892,0.616,10,No,0.306,52,59.3,7.3,0.14,18.1
339011,28000,20830,26350,33450,1,None,Moderate-term on-the-job training,3.4,0.827,0.814,0.933,9,No,0.496,15,15.9,0.9,0.058,4.3
373013,29400,21660,26790,33500,1,None,Short-term on-the-job training,3.1,0.403,0.428,0.822,12,Yes,0.965,53.2,56.2,3,0.056,12.6
512023,30000,21880,26590,33580,1,None,Moderate-term on-the-job training,3,0.752,0.708,0.958,11,No,0.533,47.2,44.7,-2.5,-0.053,5.8
517031,28000,21330,25960,33590,1,None,Moderate-term on-the-job training,2,0.584,0.721,0.905,12,Yes,0.895,2.6,2.6,0,-0.014,0.6
472142,30000,21230,26740,33590,0,None,Long-term on-the-job training,3,0.327,0.561,0.893,11,Yes,0.955,6.4,6.6,0.2,0.024,1.2
537081,30000,19860,24990,33800,0,None,Short-term on-the-job training,2.8,0.667,0.779,0.857,11,Yes,0.93,131.5,140.9,9.4,0.071,42.4
519021,29100,21440,26290,33810,1,None,Moderate-term on-the-job training,2.7,0.777,0.809,0.972,12,Yes,0.864,30.2,27.9,-2.3,-0.075,6.5
493022,34000,20390,26460,33830,1,None,Moderate-term on-the-job training,3.3,0.562,0.513,0.911,10,Yes,0.985,19.3,20.8,1.5,0.078,4.1
514052,29000,22030,27220,33850,1,None,Moderate-term on-the-job training,2.1,0.836,0.792,0.991,10,Yes,0.99,9.8,7.2,-2.6,-0.266,3.1
514081,29000,22040,27060,33950,1,None,Moderate-term on-the-job training,2.7,0.764,0.678,0.977,12,Yes,0.787,99.8,97.3,-2.5,-0.025,17.3
397012,27000,19940,26590,34180,1,None,Moderate-term on-the-job training,3.1,0.415,0.685,0.489,10,No,0.693,3.9,3.9,0,0,1.5
493052,30000,21770,26940,34220,2,None,Short-term on-the-job training,3.3,0.537,0.979,0.921,9,Yes,0.982,17,18,1,0.06,4.4
433011,28000,22920,27730,34440,1,None,Moderate-term on-the-job training,3.4,0.788,0.931,0.934,8,No,0.292,350.4,330.9,-19.6,-0.056,85.6
519023,29100,21730,26970,34600,1,None,Moderate-term on-the-job training,3.2,0.777,0.781,0.972,11,Yes,0.864,125.1,119.2,-5.9,-0.047,27.1
499064,26000,19320,23960,34750,1,None,Long-term on-the-job training,3,0.772,0.788,0.916,7,Yes,0.89,2.7,2,-0.7,-0.257,0.5
292081,28800,21980,27030,34840,1,None,Long-term on-the-job training,3.6,0.739,1,0.798,8,No,0.25,75.2,93,17.8,0.237,37.9
434141,25000,25860,29460,34880,1,None,Moderate-term on-the-job training,3.8,0.954,1,0.923,5,No,0.325,52.9,48.6,-4.3,-0.082,12.9
519082,32000,22400,27680,34890,1,None,Long-term on-the-job training,3.5,0.741,0.796,0.829,12,No,0.454,14.6,16.1,1.6,0.107,5.1
319094,35000,21600,27810,34890,2,None,None,4.8,0.818,0.975,0.593,4,No,0.066,70,67.8,-2.2,-0.031,14.6
472131,31200,23140,28060,35040,0,None,Short-term on-the-job training,2.9,0.588,0.33,0.956,10,Yes,0.98,25.6,27.1,1.5,0.061,10.2
433021,28700,24570,28890,35050,1,None,Moderate-term on-the-job training,3.2,0.834,1,0.876,9,No,0.117,514.6,581.1,66.5,0.129,174.1
514022,30000,22250,27370,35070,1,None,Moderate-term on-the-job training,2,0.929,0.683,0.957,10,Yes,1,21.6,17,-4.6,-0.215,5.3
434181,30000,20870,25290,35170,1,None,Short-term on-the-job training,3.8,0.821,0.604,0.802,6,No,0.421,140.8,138.8,-2,-0.014,17.7
515112,28000,20460,26590,35240,1,None,Moderate-term on-the-job training,2.9,0.743,0.635,0.942,10,Yes,0.807,173,151.4,-21.6,-0.125,26
434041,34100,24280,28510,35280,1,None,Moderate-term on-the-job training,4.2,0.865,1,0.929,6,No,0.284,46.1,43.3,-2.8,-0.062,3.8
434021,28000,24390,28980,35320,1,None,Short-term on-the-job training,3.8,0.789,0.971,0.846,5,No,0.428,8.4,7.2,-1.2,-0.147,2.3
519051,28800,22620,27890,35360,1,None,Moderate-term on-the-job training,2.8,0.869,0.904,0.886,12,Yes,0.902,20.9,18.9,-2,-0.097,5.5
514032,29900,22790,27920,35480,1,None,Moderate-term on-the-job training,2.8,0.757,0.846,0.956,10,Yes,0.826,17.8,14.1,-3.7,-0.205,3.1
514194,30000,22310,27280,35550,1,None,Moderate-term on-the-job training,2.3,0.806,0.775,0.982,10,Yes,0.807,11.5,9.5,-2,-0.175,2.8
499063,26000,19960,26380,35660,1,None,Apprenticeship,2.9,0.772,0.633,0.916,10,Yes,0.89,8.6,8.9,0.4,0.042,1.9
413041,30000,20050,26760,35660,1,None,Moderate-term on-the-job training,3.7,0.722,0.803,0.892,3,No,0.218,74.1,65.4,-8.7,-0.117,11.5
493092,30000,23010,28730,35670,1,None,Long-term on-the-job training,2.6,0.524,0.53,0.832,12,Yes,0.996,11.4,11.8,0.4,0.033,4.3
391012,28000,20580,25680,35680,1,Less than 5 years,None,3.2,0.886,0.814,0.962,11,No,0.641,7.1,6.9,-0.2,-0.032,2.4
519196,26000,21140,27420,35710,1,None,Moderate-term on-the-job training,3.8,0.851,0.512,0.829,12,No,0.737,91.9,82,-9.9,-0.107,13
391021,25000,22230,27650,35710,1,Less than 5 years,None,3.8,0.45,0.939,0.832,9,No,0.395,255.8,283.8,28,0.109,76.4
475081,30000,24700,28740,35760,1,None,Moderate-term on-the-job training,2.7,0.776,0.571,0.977,11,Yes,0.97,25.8,29,3.2,0.126,6.2
319099,30700,21620,27540,35780,1,None,None,4.5,0.768,0.927,0.616,11,No,0.306,102.7,114.7,12,0.117,33.4
434031,30000,23420,28680,35850,1,None,Moderate-term on-the-job training,3.9,0.851,0.988,0.923,9,No,0.284,140.8,147.1,6.3,0.045,14.8
432021,32000,21860,26830,35880,1,None,Short-term on-the-job training,4.3,0.75,0.706,0.866,5,No,0.175,13.1,7.5,-5.5,-0.424,3.2
319091,30000,24950,29580,35980,2,None,None,4.2,0.674,0.92,0.519,11,No,0.068,318.8,377.4,58.6,0.184,137.5
519061,30000,21140,26980,36000,1,None,Moderate-term on-the-job training,3.1,0.809,0.852,0.948,12,No,0.648,496.6,495.5,-1.1,-0.002,124.8
454023,30000,23940,28990,36110,1,None,Moderate-term on-the-job training,3.1,0.464,0.378,0.922,10,Yes,0.996,3.7,3.7,-0.1,-0.02,0.9
514122,30000,23950,29120,36150,1,None,Moderate-term on-the-job training,2.5,0.728,0.887,0.982,9,Yes,0.952,59.5,48.8,-10.7,-0.18,17.1
399031,30000,18690,23280,36160,1,None,Short-term on-the-job training,3.5,0.679,0.48,0.341,6,No,0.459,279.1,302.5,23.4,0.084,74.9
499031,28000,21650,27610,36200,1,None,Moderate-term on-the-job training,3.1,0.569,0.938,0.932,12,Yes,0.975,46.4,44.8,-1.6,-0.034,12.5
454022,30000,22720,28820,36290,1,None,Moderate-term on-the-job training,1.7,0.464,0.424,0.922,11,Yes,0.996,37.3,37.1,-0.1,-0.003,8.8
211094,32000,22570,28340,36300,1,None,Short-term on-the-job training,4,0.844,0.624,0.875,7,No,0.348,54.3,62.4,8.1,0.149,18.8
474099,30000,23200,28460,36300,1,None,Moderate-term on-the-job training,4.1,0.728,0.142,0.977,12,Yes,0.983,35.4,37.8,2.4,0.069,7.8
454021,30000,22150,28190,36400,1,None,Moderate-term on-the-job training,1.6,0.464,0.202,0.922,10,Yes,0.996,8.2,6.8,-1.4,-0.172,2
132082,25000,19330,24180,36450,1,None,Moderate-term on-the-job training,3.4,0.771,0.25,0.841,3,No,0.43,90.4,91.8,1.4,0.016,24.1
475071,30000,25160,29750,36510,0,None,Moderate-term on-the-job training,2.8,0.776,0.547,0.977,11,Yes,0.97,76.4,82.7,6.3,0.083,21.3
333041,34000,22000,27570,36530,1,None,Short-term on-the-job training,3.3,0.882,0.91,0.836,10,Yes,0.809,9.4,7.4,-2,-0.208,2.8
472141,30000,23900,29320,36580,0,None,Moderate-term on-the-job training,3.6,0.327,0.521,0.893,11,Yes,0.955,360.5,387.1,26.5,0.074,83.9
514191,30000,23780,29260,36600,1,None,Moderate-term on-the-job training,2.3,0.806,0.841,0.982,10,Yes,0.807,21.3,17.2,-4.2,-0.196,3.7
499071,30000,21700,27890,36630,1,None,Long-term on-the-job training,3,0.793,0.595,0.955,12,Yes,0.968,1374.7,1458.1,83.5,0.061,443.7
332022,35000,24500,29630,36650,1,Less than 5 years,Moderate-term on-the-job training,3.1,0.891,0.51,0.965,12,Yes,0.887,1.7,2,0.2,0.131,0.7
537121,30000,22370,28320,36660,0,None,Short-term on-the-job training,2,0.85,0.715,0.941,11,Yes,0.875,13,13.5,0.5,0.04,4.6
253021,32800,19050,24810,36680,1,Less than 5 years,None,3.6,0.728,0.671,0.52,10,No,0.455,348.7,402.2,53.5,0.154,119.2
472181,30000,24560,29380,36720,0,None,Moderate-term on-the-job training,3.4,0.308,0.258,0.88,11,Yes,0.984,123.4,139.3,15.8,0.128,34.7
535022,32000,19390,24280,36800,2,Less than 5 years,None,3.1,0.804,0.383,0.966,12,Yes,0.983,4.7,5,0.3,0.063,2.1
514034,29900,23520,29210,36810,1,None,Moderate-term on-the-job training,2.1,0.757,0.896,0.956,10,Yes,0.826,42.9,34.3,-8.6,-0.2,10.6
492011,30000,22230,28000,36840,3,None,Short-term on-the-job training,3,0.757,0.82,0.864,9,Yes,0.881,131.6,134.8,3.2,0.024,28.6
472043,30000,21420,27750,36930,0,None,Moderate-term on-the-job training,3.2,0.288,0.344,0.863,10,Yes,0.978,7.9,8.4,0.5,0.062,1.6
474051,28800,23600,29430,36930,1,None,Moderate-term on-the-job training,3.5,0.838,0.421,0.971,11,Yes,0.981,151.3,158.6,7.3,0.048,47.6
472042,30000,23190,29240,37030,0,None,Moderate-term on-the-job training,2.9,0.288,0.297,0.863,8,Yes,0.978,17.1,19.2,2.1,0.122,4.5
514011,30000,24410,29510,37030,1,None,Moderate-term on-the-job training,3.3,0.864,0.779,0.984,9,Yes,0.922,148.8,174.8,26,0.175,71.2
371011,28000,22740,28350,37050,1,Less than 5 years,None,3.3,0.643,0.916,0.83,11,No,0.641,247.9,262.8,14.9,0.06,54
493041,32000,23870,29720,37050,1,None,Long-term on-the-job training,2.5,0.825,0.339,0.983,10,Yes,0.989,40.3,43.2,2.9,0.072,12.4
512041,28000,24620,29910,37050,1,None,Moderate-term on-the-job training,3.3,0.739,0.387,0.959,12,Yes,0.969,79.2,80.8,1.6,0.02,14.6
519071,25000,21640,27400,37060,1,None,Long-term on-the-job training,2.7,0.475,0.667,0.77,10,No,0.708,39.8,35.3,-4.5,-0.113,6.2
292071,32000,24190,29130,37110,2,None,None,3.8,0.861,0.996,0.922,9,No,0.097,188.6,217.6,29,0.154,71.2
435032,29000,22430,28550,37150,1,None,Moderate-term on-the-job training,4.2,0.824,0.886,0.936,10,No,0.416,199.5,208.2,8.8,0.044,58.6
519081,32000,22220,28570,37190,1,None,Moderate-term on-the-job training,3.6,0.741,0.647,0.829,11,No,0.454,38.7,42.9,4.2,0.108,13.5
472041,30000,21020,26850,37220,0,None,Short-term on-the-job training,3.3,0.288,0.606,0.863,11,Yes,0.978,45.3,45.1,-0.2,-0.005,6.3
433031,30000,22940,29570,37250,3,None,Moderate-term on-the-job training,3.7,0.829,0.937,0.791,5,No,0.151,1760.3,1611.5,-148.7,-0.084,172.6
472161,30000,25640,31310,37320,0,None,Long-term on-the-job training,3.1,0.251,0.141,0.849,10,Yes,0.993,27,28.9,1.9,0.071,3.1
439041,30000,25830,30630,37530,1,None,Moderate-term on-the-job training,3.9,0.872,0.98,0.926,5,No,0.205,285.4,303.1,17.7,0.062,89.2
439022,31000,25290,31040,37610,1,None,Short-term on-the-job training,3.8,0.833,0.949,0.767,6,No,0.155,90.7,76.5,-14.2,-0.157,3.1
434131,34000,24920,30480,37710,1,None,Short-term on-the-job training,4,0.856,0.972,0.97,6,No,0.221,213.8,232.3,18.5,0.086,51.3
499099,30000,22060,28360,37730,1,None,Moderate-term on-the-job training,3.3,0.623,0.71,0.909,12,Yes,0.957,163.5,170.6,7.1,0.043,32
472151,30000,25640,30120,37780,0,None,Short-term on-the-job training,2.5,0.656,0.267,0.967,11,Yes,0.989,45.7,51,5.2,0.114,11.3
492097,26000,22440,28960,37790,2,None,Short-term on-the-job training,3,0.654,0.664,0.928,12,Yes,0.978,29.6,30.3,0.7,0.024,4.9
493023,30000,21020,27740,37850,2,None,Short-term on-the-job training,3.2,0.581,0.586,0.946,11,Yes,0.985,739.9,779,39.1,0.053,237.2
434199,28000,23780,29510,37990,1,None,Short-term on-the-job training,na,0.871,na,0.875,na,No,0.205,188.5,193,4.6,0.024,53
319011,28000,18860,25350,38040,2,None,None,3.2,0.436,0.517,-0.233,5,No,0.262,168.8,205.2,36.5,0.216,49
514121,30000,25940,31570,38150,1,None,Moderate-term on-the-job training,3,0.728,0.804,0.982,11,Yes,0.952,397.9,412.3,14.4,0.036,128.5
499011,25000,25300,31460,38160,1,None,Moderate-term on-the-job training,2.9,0.937,0.516,0.981,10,Yes,0.933,17.4,19.3,1.9,0.107,8.7
514035,29900,23830,30100,38250,1,None,Moderate-term on-the-job training,2.2,0.757,0.794,0.956,10,Yes,0.826,22.4,17.8,-4.6,-0.206,3.9
515111,29200,22710,29610,38270,2,None,None,4,0.759,0.764,0.803,10,No,0.54,36.5,27.5,-9,-0.246,5.7
472071,25000,25540,30940,38270,1,None,Moderate-term on-the-job training,3.3,0.616,0.012,0.962,12,Yes,1,57.7,63,5.3,0.092,19.1
493051,30000,22820,29550,38280,1,None,Long-term on-the-job training,3.5,0.537,0.401,0.921,11,Yes,0.982,22.5,23.1,0.6,0.027,5.1
533021,33000,22310,28090,38290,1,None,Moderate-term on-the-job training,3.4,0.806,0.846,0.644,11,No,0.556,167.8,177.6,9.8,0.059,31.9
517032,28000,22540,30760,38410,1,None,Moderate-term on-the-job training,2.3,0.584,0.916,0.905,10,Yes,0.895,1.8,1.8,0,-0.003,0.4
519012,32000,23150,29550,38420,1,None,Moderate-term on-the-job training,3.1,0.817,0.694,0.966,12,Yes,0.89,43.8,43.3,-0.6,-0.013,13.8
435041,28000,22080,28000,38510,1,None,Short-term on-the-job training,2.5,0.826,0.99,0.98,11,Yes,0.826,37.4,30.6,-6.7,-0.18,6.7
472022,30200,22350,28800,38630,1,None,Apprenticeship,2.9,0.417,0.365,0.885,11,Yes,0.984,14.9,17.1,2.1,0.143,3.4
519197,26000,24950,29720,39120,1,None,Moderate-term on-the-job training,2.5,0.917,0.873,0.981,10,Yes,0.924,18.1,15.6,-2.5,-0.136,4.7
499094,30000,22770,30130,39160,1,None,Long-term on-the-job training,3.1,0.664,0.435,0.901,10,Yes,0.954,20.9,17.8,-3.1,-0.148,10.7
472081,30000,26250,32320,39220,0,None,Moderate-term on-the-job training,3.1,0.313,0.809,0.924,12,Yes,0.952,106,111.5,5.5,0.052,12
339093,30000,33970,36500,39310,1,None,Short-term on-the-job training,3.6,0.788,0.778,0.842,11,No,0.667,46.6,42.4,-4.2,-0.09,6.6
472121,30000,25550,32060,39440,1,None,Apprenticeship,2.2,0.577,0.415,0.938,12,Yes,0.985,45.3,47.2,1.9,0.041,8.4
512031,35000,25790,31230,39600,1,None,Moderate-term on-the-job training,2.7,0.812,0.655,0.96,12,Yes,0.863,39,39,0,0.001,7.8
474041,30000,26170,31330,39690,1,None,Moderate-term on-the-job training,3.1,0.753,0.233,0.958,12,Yes,0.899,43.7,47,3.3,0.074,13
537032,30000,26670,32700,40050,1,Less than 5 years,Moderate-term on-the-job training,2.7,0.726,0.465,0.963,11,Yes,0.998,53.9,57.3,3.4,0.062,9.7
537031,30000,25760,32910,40060,1,None,Moderate-term on-the-job training,3.4,0.726,0.715,0.963,10,Yes,0.998,2.2,2.3,0.2,0.087,0.4
433099,35000,26010,32510,40080,1,None,Short-term on-the-job training,na,0.873,na,0.932,na,No,0.378,38.1,41.6,3.4,0.09,13.7
533032,30000,26240,32670,40260,2,None,Short-term on-the-job training,3.5,0.666,0.348,0.919,11,Yes,0.951,1797.7,1896.4,98.8,0.055,404.5
432099,33000,26360,31510,40330,1,None,Short-term on-the-job training,na,0.851,na,0.797,na,No,0.508,3.3,3.5,0.2,0.056,0.8
394011,32000,23550,29850,40410,2,None,Short-term on-the-job training,4,0.595,0.35,0.636,7,Yes,0.911,3.8,3.6,-0.2,-0.061,0.8
439011,30000,23020,30280,40420,1,None,Moderate-term on-the-job training,3.9,0.893,0.723,0.928,8,No,0.531,61.1,49.5,-11.6,-0.19,4.6
492092,28000,24780,31680,40520,2,None,Long-term on-the-job training,2.7,0.759,0.477,0.959,11,Yes,0.981,19.3,20,0.7,0.036,6
333012,30000,27830,32960,40530,1,None,Moderate-term on-the-job training,3.6,0.931,0.978,0.976,10,No,0.74,457.6,474.7,17.1,0.037,143
514041,30000,25230,31990,40550,1,None,Long-term on-the-job training,3.3,0.855,0.916,0.973,9,Yes,0.969,399.7,438.9,39.2,0.098,154.7
514023,30000,25060,30660,40590,1,None,Moderate-term on-the-job training,2.9,0.8,0.636,0.991,11,Yes,0.75,33.7,29.1,-4.6,-0.135,8.3
433061,35000,26110,32720,40600,1,None,Moderate-term on-the-job training,3.5,0.902,0.863,0.971,8,No,0.403,72.3,66.3,-6,-0.083,25.1
514062,29000,22930,29910,40960,1,None,Moderate-term on-the-job training,2.2,0.764,0.727,0.977,10,Yes,0.787,3.8,2.9,-0.9,-0.234,0.7
493021,30000,25030,32020,40970,1,None,Long-term on-the-job training,3.4,0.577,0.625,0.949,11,Yes,0.973,149.7,163.5,13.7,0.092,48.1
433051,35400,26510,33160,41000,1,None,Moderate-term on-the-job training,3.3,0.871,0.938,0.885,7,No,0.143,172.8,166.9,-5.9,-0.034,46.3
519122,28000,25790,32520,41150,1,None,Moderate-term on-the-job training,3.2,0.698,0.925,0.95,10,Yes,0.903,54.3,57.5,3.2,0.059,13.4
535011,25000,22440,29980,41260,0,None,Moderate-term on-the-job training,2.9,0.784,0.365,0.918,12,Yes,0.977,28.3,30.9,2.6,0.091,9.9
274011,30000,22770,30490,41440,2,None,Short-term on-the-job training,3.5,0.766,0.634,0.815,8,Yes,0.936,70.9,79.4,8.4,0.119,21.9
351011,30000,23150,30840,41500,1,5 years or more,None,3.5,0.555,0.407,0.874,9,Yes,0.82,127.5,138.8,11.3,0.089,30.4
333011,30000,22650,31110,41670,1,None,Moderate-term on-the-job training,3.1,0.931,0.948,0.976,10,No,0.74,17.3,18.1,0.8,0.047,5.6
435011,28000,24460,32140,41870,1,None,Short-term on-the-job training,3.7,0.82,0.659,0.904,11,No,0.655,78.8,84.3,5.5,0.07,31.3
173031,28000,26060,32580,42010,1,None,Moderate-term on-the-job training,3.5,0.817,0.643,0.939,12,Yes,0.933,57.3,52.9,-4.3,-0.076,6.5
472031,30000,26220,32810,42090,1,None,Apprenticeship,3.8,0.42,0.34,0.922,11,Yes,0.986,945.4,1005.8,60.4,0.064,169.1
537041,25700,26720,33280,42220,0,None,Short-term on-the-job training,2.6,0.813,0.613,0.911,10,Yes,0.856,2.9,2.9,0,0.017,0.9
514051,29000,27700,34020,42240,1,None,Moderate-term on-the-job training,1.9,0.836,0.975,0.991,11,Yes,0.99,21.2,20.2,-1,-0.048,6.7
537072,32000,26200,31690,42420,1,None,Moderate-term on-the-job training,3.1,0.796,0.953,0.991,12,Yes,0.946,13.1,14.2,1.1,0.084,7.8
434061,26000,29460,34380,43170,1,None,Moderate-term on-the-job training,2.9,0.896,0.997,0.973,10,No,0.189,129.9,132,2.1,0.016,16.3
292061,30000,32040,36300,43170,2,None,None,4.1,0.766,0.924,0.769,10,No,0.136,719.9,837.2,117.3,0.163,322.2
499096,34000,26880,32700,43220,1,None,Short-term on-the-job training,2.8,0.742,0.362,0.941,12,Yes,0.97,20.8,22.6,1.8,0.087,7.2
499043,28000,26650,33970,43260,1,None,Moderate-term on-the-job training,3.2,0.885,0.57,0.957,12,Yes,0.951,91.2,98.7,7.4,0.082,22.1
419022,31000,21780,28980,43370,1,None,Moderate-term on-the-job training,3.8,0.539,0.25,0.835,2,No,0.494,337.4,346.8,9.4,0.028,33
492098,32000,27310,34280,43420,1,None,Moderate-term on-the-job training,3.1,0.741,0.763,0.965,11,Yes,0.984,64,72.3,8.2,0.129,24.1
472132,31200,27640,33970,43610,1,None,Apprenticeship,3.2,0.588,0.519,0.956,11,Yes,0.98,30.1,35.9,5.8,0.194,16
516092,27000,21270,28950,43900,1,None,Moderate-term on-the-job training,2.5,0.642,0.922,0.941,7,No,0.675,5.4,4,-1.4,-0.26,0.6
371012,28000,27150,33920,43980,1,Less than 5 years,None,3.9,0.53,0.468,0.931,12,Yes,0.957,178,187.4,9.4,0.053,39
475021,37000,28370,34700,44240,1,None,Moderate-term on-the-job training,2.1,0.703,0.279,0.984,11,Yes,0.979,20,22.7,2.7,0.136,7.2
232093,30200,27120,34130,44370,1,None,Short-term on-the-job training,4.1,0.795,0.816,0.914,5,No,0.295,71.1,70.8,-0.2,-0.003,15.6
393092,32000,19570,27540,44500,1,None,Short-term on-the-job training,2.6,0.668,0.565,0.08,9,No,0.581,6.2,6.7,0.5,0.088,3.1
493031,30000,28680,35280,44520,1,None,Long-term on-the-job training,3.4,0.755,0.736,0.983,11,Yes,0.985,263.9,295.5,31.6,0.12,76.9
514192,30000,28410,35170,44530,1,None,Moderate-term on-the-job training,2.9,0.806,0.231,0.982,11,Yes,0.807,13.4,10.7,-2.7,-0.201,2.3
472073,30000,28980,34950,44600,1,None,Moderate-term on-the-job training,2.4,0.728,0.231,0.977,11,Yes,0.983,363.4,400.6,37.2,0.102,97.8
272021,29000,19910,28400,44680,0,None,Long-term on-the-job training,3.1,0.724,0.648,0.46,11,Yes,0.758,13.7,14.5,0.8,0.056,5.4
518031,29000,27120,34670,44790,1,None,Long-term on-the-job training,3.5,0.906,0.931,0.974,12,Yes,0.95,117,124,7,0.06,36.7
532031,25000,25930,36260,44860,1,Less than 5 years,Moderate-term on-the-job training,4.1,0.964,0.263,0.464,12,No,0.25,97.9,100.1,2.2,0.022,20.1
475013,30000,29790,35670,45000,0,None,Moderate-term on-the-job training,3.2,0.776,0.227,0.977,12,Yes,0.97,64.9,69.6,4.7,0.073,26.9
499021,30000,27790,34920,45110,2,None,Long-term on-the-job training,3.3,0.722,0.324,0.947,12,Yes,0.991,292,331.6,39.6,0.136,84.2
451011,30000,26190,32880,45340,1,Less than 5 years,None,2.8,0.671,0.661,0.954,12,Yes,0.856,47.1,43.3,-3.9,-0.082,11.5
531011,30000,29080,35110,45470,1,Less than 5 years,None,3.7,0.836,0.77,0.91,12,Yes,0.802,5.8,5.8,0,0.005,1.9
339021,32000,26920,35070,45610,1,Less than 5 years,Moderate-term on-the-job training,4.2,0.872,0.555,0.949,6,No,0.546,34.9,36.7,1.8,0.052,11
472211,31200,25760,33310,45750,1,None,Apprenticeship,3.3,0.703,0.755,0.976,11,Yes,0.956,141,150.5,9.4,0.067,39.8
534013,30000,24720,36590,45780,1,None,Moderate-term on-the-job training,3.7,0.969,0.397,0.997,11,Yes,0.939,4,4.1,0.1,0.015,1.6
272032,32500,19210,28980,45940,1,5 years or more,Long-term on-the-job training,3.2,0.339,0.28,0.342,10,No,0.2,7.1,7.5,0.4,0.063,2.7
514061,29000,25610,33920,45980,1,None,Moderate-term on-the-job training,2.9,0.764,0.77,0.977,10,Yes,0.787,6.2,4.9,-1.3,-0.215,1.1
435061,32000,27190,34950,46150,1,None,Moderate-term on-the-job training,3.4,0.87,0.806,0.916,10,No,0.449,304.6,310.9,6.3,0.021,88.9
332011,30000,23010,32080,46870,2,None,Long-term on-the-job training,3.5,0.929,0.544,0.987,12,Yes,0.972,327.3,344.7,17.4,0.053,112.3
331099,28500,26470,34150,46900,1,Less than 5 years,None,na,0.851,na,0.967,na,Yes,0.759,68.7,71.9,3.2,0.046,20.7
531021,30000,28630,35970,46960,1,Less than 5 years,None,3.2,0.836,0.861,0.91,11,Yes,0.802,173.1,176.9,3.8,0.022,59.3
537073,32000,27680,35720,46990,1,Less than 5 years,Moderate-term on-the-job training,2.9,0.796,0.769,0.991,12,Yes,0.946,13.9,15.8,1.8,0.131,8.9
499045,31200,32630,40300,47060,1,None,Moderate-term on-the-job training,2.7,0.869,0.752,0.981,12,Yes,0.964,1.8,1.8,0,0.007,0.5
519011,32000,27390,35280,47220,1,None,Moderate-term on-the-job training,3.7,0.817,0.865,0.966,11,Yes,0.89,66.3,60.8,-5.5,-0.083,20.9
475011,30000,33280,38730,47910,0,None,Short-term on-the-job training,3.2,0.776,0.422,0.977,11,Yes,0.97,21.7,24.6,2.9,0.133,10.3
472021,30200,29800,36860,47950,1,None,Apprenticeship,3,0.417,0.251,0.885,10,Yes,0.984,78.1,92.6,14.5,0.186,21
472082,30000,29140,36520,47970,0,None,Moderate-term on-the-job training,2.6,0.313,0.432,0.924,10,Yes,0.952,21,22.1,1.1,0.052,2.4
472171,30200,27760,34320,48010,1,None,Apprenticeship,3.3,0.417,0.483,0.885,12,Yes,0.984,18.7,23.1,4.4,0.234,7.2
434011,30000,32150,38970,48180,1,None,Moderate-term on-the-job training,4.1,0.951,0.97,0.915,4,No,0.252,57.2,62.4,5.2,0.09,19.1
413021,31500,26330,34220,48200,1,None,Moderate-term on-the-job training,4.1,0.748,0.757,0.92,5,No,0.495,466.1,509.5,43.5,0.093,165.8
299099,38000,25650,33300,48270,2,None,None,3.8,0.892,0.399,0.931,6,No,0.537,44.2,50.3,6.1,0.138,14.9
534012,30000,35840,42550,48470,1,None,Moderate-term on-the-job training,3.5,0.969,0.45,0.997,11,Yes,0.939,1.7,0.5,-1.2,-0.699,0.7
413011,36000,22840,32470,48490,1,None,Moderate-term on-the-job training,3.9,0.845,0.859,0.917,6,No,0.539,167.9,163.4,-4.5,-0.027,49.8
536011,30000,26400,36520,48520,1,None,Short-term on-the-job training,3.3,0.849,0.793,0.917,12,Yes,0.914,3.5,3.4,0,-0.011,1.8
151151,30000,28990,37300,48620,3,None,None,3.7,0.871,0.894,0.94,10,Yes,0.752,585.9,661,75.1,0.128,150.5
475041,35000,32480,39400,48620,0,None,Moderate-term on-the-job training,2.6,0.876,0.955,0.996,12,Yes,0.975,12.3,11.6,-0.6,-0.053,2.4
493042,32000,32160,39100,48770,1,None,Long-term on-the-job training,2.8,0.825,0.671,0.983,11,Yes,0.989,124.7,131.3,6.6,0.053,36
512011,25000,30930,38320,48970,1,None,Moderate-term on-the-job training,3.4,0.934,0.888,1,12,Yes,0.755,40.6,38.6,-2,-0.049,8.1
514012,30000,32330,39350,48990,1,None,Long-term on-the-job training,3.2,0.864,0.763,0.984,11,Yes,0.922,25.1,29.9,4.8,0.189,12.4
472072,30000,28400,36050,49430,1,None,Moderate-term on-the-job training,3.2,0.728,0.414,0.977,12,Yes,0.983,3.7,4.3,0.6,0.166,1.2
232091,30200,27180,36840,49500,2,None,Short-term on-the-job training,4.8,0.795,0.777,0.914,5,No,0.295,20.8,21.1,0.3,0.015,4.9
499041,31200,31870,39370,49690,1,None,Long-term on-the-job training,3.4,0.869,0.753,0.981,11,Yes,0.964,332.2,391.9,59.7,0.18,145.9
119081,30000,28300,36700,49720,1,Less than 5 years,None,4.1,0.739,0.631,0.917,10,No,0.489,48.4,52.1,3.7,0.076,13
391011,28000,28870,38520,49730,1,Less than 5 years,None,3.5,0.886,0.888,0.962,6,No,0.641,27.8,28,0.2,0.007,9.4
274013,30000,18750,35350,50040,1,None,Short-term on-the-job training,3.5,0.766,0.542,0.815,11,Yes,0.936,1.2,1.2,0,-0.006,0.2
475031,32200,33050,39840,50210,1,Less than 5 years,Long-term on-the-job training,3.1,0.58,0.208,0.984,10,Yes,0.954,8.1,8.4,0.3,0.039,1.9
514111,35000,32010,40560,50290,1,None,Long-term on-the-job training,3.3,0.942,0.924,0.977,8,Yes,0.985,77.8,67.7,-10.1,-0.13,3.8
499092,30000,30320,38330,50470,2,None,Moderate-term on-the-job training,3,0.623,0.119,0.909,11,Yes,0.957,4.4,6,1.6,0.369,2.3
472221,30000,29770,36500,50490,1,None,Apprenticeship,2.9,0.7,0.437,0.958,12,Yes,0.973,61.4,64.2,2.7,0.045,13
472152,30000,29680,37860,50620,1,None,Apprenticeship,3.3,0.656,0.476,0.967,12,Yes,0.989,425,474.1,49.1,0.115,105.2
499044,25000,32210,40540,51390,1,None,Apprenticeship,3.4,0.88,0.188,0.981,12,Yes,0.972,40.9,47.1,6.2,0.152,14.5
537021,30000,31410,39310,51650,1,Less than 5 years,Moderate-term on-the-job training,2.9,0.837,0.646,0.986,10,Yes,0.961,45.5,49,3.4,0.076,19.2
413099,35000,24720,34700,51700,1,None,Moderate-term on-the-job training,3.7,0.826,0.908,0.932,1,No,0.677,853.5,924.1,70.6,0.083,252.4
475042,35000,30400,39460,51810,1,None,Moderate-term on-the-job training,2.3,0.876,0.94,0.996,10,Yes,0.975,7.4,7.3,-0.1,-0.018,1.4
532022,30000,26340,35880,51880,1,None,Long-term on-the-job training,3.6,0.877,0.337,0.976,11,No,0.727,7.2,7.5,0.3,0.039,2.5
472111,30000,31410,38990,51880,1,None,Apprenticeship,3.8,0.745,0.571,0.972,11,Yes,0.974,628.8,714.7,85.9,0.137,181.8
537033,30000,28820,38700,52320,0,None,Short-term on-the-job training,3.1,0.726,0.842,0.963,10,Yes,0.998,4.8,4.8,0,-0.001,0.6
431011,32000,31770,40530,52630,1,Less than 5 years,None,3.7,0.84,0.968,0.948,10,No,0.402,1466.1,1587.3,121.2,0.083,342.7
474061,37000,31100,40940,52830,1,None,Moderate-term on-the-job training,2.6,0.943,0.588,0.992,12,Yes,0.975,15.6,17,1.5,0.093,5.3
499052,35000,28360,36670,52920,1,None,Long-term on-the-job training,3.7,0.836,0.658,0.973,12,Yes,0.953,118,118.7,0.7,0.006,22.2
274014,30000,22510,35570,53330,2,None,Short-term on-the-job training,3.3,0.766,0.161,0.815,11,Yes,0.936,16.1,17.4,1.2,0.076,4.3
534021,30000,38230,44530,54020,1,None,Moderate-term on-the-job training,2.9,0.89,0.563,0.961,11,Yes,0.887,22.1,21.7,-0.4,-0.018,8.4
499012,25000,30720,39150,54100,1,None,Moderate-term on-the-job training,2.9,0.937,0.576,0.981,12,Yes,0.933,42.4,42.6,0.2,0.005,16.9
475012,30000,30360,39340,54310,0,None,Moderate-term on-the-job training,2.6,0.776,0.306,0.977,12,Yes,0.97,27.7,31.2,3.5,0.127,13
492022,26000,30210,39070,54570,2,None,Moderate-term on-the-job training,3.3,0.858,0.613,0.962,11,Yes,0.891,218.6,210.8,-7.8,-0.036,19.7
475061,30000,42920,48720,54950,1,None,Moderate-term on-the-job training,2.2,0.776,0.825,0.977,11,Yes,0.97,6,5.3,-0.6,-0.108,0.7
537111,30000,43230,49130,55320,0,None,Short-term on-the-job training,2,0.85,0.984,0.941,12,Yes,0.875,2.7,2.6,-0.1,-0.022,0.8
119141,32000,28490,39160,55380,1,Less than 5 years,None,4,0.745,0.8,0.893,9,No,0.464,313.8,339.1,25.3,0.081,79.9
518099,30000,31900,42540,55540,1,None,Long-term on-the-job training,2.9,0.887,0.579,0.989,12,Yes,0.913,11.9,11.5,-0.4,-0.032,4.5
493043,32000,32210,43640,55570,1,None,Long-term on-the-job training,2.4,0.825,0.73,0.983,12,Yes,0.989,21.5,22,0.6,0.027,5.7
414012,33000,26830,38340,55730,1,None,Moderate-term on-the-job training,3.5,0.866,0.647,0.951,11,No,0.714,1453.1,1546.5,93.4,0.064,392.3
531031,30000,32990,42540,55860,1,Less than 5 years,None,4,0.836,0.754,0.91,11,Yes,0.802,199.7,205.6,5.9,0.029,69.9
534031,30000,38450,45630,55930,1,None,Moderate-term on-the-job training,3.5,0.961,0.141,0.965,12,Yes,0.948,45.1,44.3,-0.9,-0.019,17.2
534011,30000,40490,46650,56240,1,Less than 5 years,Moderate-term on-the-job training,3.3,0.969,0.476,0.997,12,Yes,0.939,40.4,39.5,-0.9,-0.023,16
511011,34000,33390,42780,56340,1,Less than 5 years,None,2.9,0.864,0.595,0.98,11,Yes,0.811,606.9,588.2,-18.7,-0.031,95.9
332021,35000,34260,43430,56730,2,5 years or more,Moderate-term on-the-job training,4.2,0.891,0.754,0.965,11,Yes,0.887,12.4,13.1,0.7,0.055,4.3
435053,25000,32510,52510,56740,1,None,Short-term on-the-job training,2.3,0.865,1,0.918,12,No,0.501,117.6,78,-39.7,-0.337,13.6
435051,30000,32520,39210,56790,1,None,Short-term on-the-job training,3.1,0.886,0.935,0.915,10,No,0.459,69.6,51.3,-18.3,-0.262,8.4
419021,31000,23400,32970,56860,1,Less than 5 years,None,4.1,0.539,0.348,0.835,5,No,0.494,83.9,85.4,1.5,0.018,7.3
474011,32000,34800,44490,57340,1,5 years or more,Moderate-term on-the-job training,4,0.799,0.292,0.946,12,Yes,0.849,101.2,109.2,8.1,0.08,36.3
435052,30000,32630,39710,58280,1,None,Short-term on-the-job training,2.9,0.851,0.849,0.904,10,No,0.606,297.4,219.4,-78.1,-0.262,57.4
333051,34000,33430,42910,58320,1,None,Moderate-term on-the-job training,4.3,0.939,0.753,0.987,12,Yes,0.865,680,714.2,34.2,0.05,258.4
537071,32000,37010,49990,58350,1,None,Moderate-term on-the-job training,2.7,0.796,0.549,0.991,12,Yes,0.946,5.1,5.3,0.2,0.034,2.8
493011,33000,34770,46720,58370,2,None,None,3.7,0.781,0.532,0.982,10,Yes,0.946,119.9,121.5,1.6,0.013,30.1
518021,33000,35400,46350,58530,1,None,Long-term on-the-job training,3.3,0.889,0.793,0.982,12,Yes,0.977,39.1,39.7,0.6,0.014,11.2
492093,30000,36860,49020,58990,2,None,Long-term on-the-job training,3.1,0.903,0.85,0.923,10,Yes,0.965,14.8,15.4,0.7,0.044,3.2
518091,30000,36090,46760,59320,1,None,Long-term on-the-job training,3.5,0.887,0.853,0.989,11,Yes,0.913,38.1,34.6,-3.5,-0.092,14.4
333052,34000,35160,46820,59670,1,None,Moderate-term on-the-job training,3.7,0.939,0.212,0.987,9,Yes,0.865,3.6,3.7,0.1,0.035,1.3
331011,35000,38030,44020,59720,1,Less than 5 years,Moderate-term on-the-job training,3.9,0.95,0.978,0.986,11,No,0.716,47.6,49.1,1.5,0.031,15.3
472011,30000,36810,47800,60120,1,None,Apprenticeship,2.9,0.739,0.726,0.991,12,Yes,1,17.4,19,1.5,0.087,4.2
471011,31000,39000,48920,62070,1,5 years or more,None,3.7,0.712,0.395,0.972,12,Yes,0.98,578.4,636.1,57.7,0.1,103.6
131031,32000,37880,47590,62980,1,None,Long-term on-the-job training,4.1,0.907,0.786,0.978,10,No,0.426,299.7,309.5,9.8,0.033,84
491011,30000,37940,48470,63010,1,Less than 5 years,None,3.9,0.877,0.68,0.986,12,Yes,0.929,447.1,471.4,24.3,0.054,113.5
499097,30000,43070,52950,63840,1,None,Moderate-term on-the-job training,3.3,0.623,0.609,0.909,12,Yes,0.957,9.5,9.5,0,-0.001,1.5
131032,32000,42770,52700,64020,2,None,Moderate-term on-the-job training,4,0.907,0.87,0.978,8,No,0.426,15.5,15.4,-0.2,-0.012,3.8
119013,30000,33110,45930,64170,1,5 years or more,None,3.1,0.418,0.153,0.928,11,Yes,0.903,929.8,911.7,-18.1,-0.019,158.4
518093,30000,39120,51430,65190,1,None,Long-term on-the-job training,2.4,0.887,0.895,0.989,11,Yes,0.913,42.4,43.4,0.9,0.022,17
518092,30000,43460,54410,66010,1,None,Long-term on-the-job training,2.9,0.887,0.803,0.989,12,Yes,0.913,16.7,16.1,-0.6,-0.034,6.3
499051,30000,36000,50160,66450,1,None,Long-term on-the-job training,2.8,0.916,0.405,0.986,11,Yes,0.99,118.6,131.6,13,0.11,60.3
119071,26200,43130,53140,68380,1,Less than 5 years,None,3.6,0.777,0.979,0.95,6,No,0.624,3.8,3.8,0,-0.006,0.8
119131,32600,54100,61450,70640,1,Less than 5 years,Moderate-term on-the-job training,4,0.821,0.73,0.951,8,No,0.654,17.3,12.8,-4.6,-0.262,3.8
536051,31200,34420,50200,70820,1,None,Moderate-term on-the-job training,4,0.904,0.636,0.97,12,Yes,0.847,26.4,26.7,0.3,0.012,7.1
518013,35000,43930,58050,71940,1,None,Long-term on-the-job training,2.8,0.946,0.84,0.988,12,Yes,0.949,41.1,38.4,-2.7,-0.066,14.1
331021,38000,41790,55400,72230,2,Less than 5 years,Moderate-term on-the-job training,3.7,0.977,0.444,0.984,12,Yes,0.957,63.5,66.8,3.3,0.052,33.4
411012,30000,36870,51160,72300,1,Less than 5 years,None,4.2,0.797,1,0.965,8,No,0.704,430.7,451,20.3,0.047,69.9
535031,25000,38570,50310,72870,2,Less than 5 years,None,3.1,0.784,0.846,0.918,12,Yes,0.977,10.3,11.1,0.8,0.075,3.5
532012,30000,34800,53330,76150,1,None,Moderate-term on-the-job training,3.7,0.856,0.191,0.804,12,Yes,0.944,43.5,48,4.5,0.105,15.1
535021,32000,38310,53450,76780,2,Less than 5 years,None,3.1,0.804,0.613,0.966,12,Yes,0.983,35.1,38.7,3.6,0.102,17.2
333021,34000,41200,53810,77210,1,Less than 5 years,Moderate-term on-the-job training,4.3,0.931,0.681,0.991,12,No,0.746,116.7,115.3,-1.4,-0.012,28.3
518012,35000,53370,67250,80840,1,None,Long-term on-the-job training,3.6,0.946,0.459,0.988,10,Yes,0.949,11.4,10.8,-0.6,-0.051,3.9
474021,25000,40140,59750,80870,1,None,Apprenticeship,3.2,0.919,0.591,0.987,12,Yes,1,20.7,23.4,2.7,0.13,5.9
331012,32000,48930,63050,82090,1,Less than 5 years,Moderate-term on-the-job training,3.9,0.966,0.711,0.996,10,Yes,0.854,108.1,112.7,4.5,0.042,43
113071,30000,50840,66060,86630,1,5 years or more,None,3.6,0.834,0.639,0.983,12,Yes,0.816,111.6,114.1,2.5,0.022,27.1
518011,35000,66520,77570,88560,1,None,Long-term on-the-job training,2.9,0.946,0.807,0.988,11,Yes,0.949,7.5,7.4,-0.1,-0.009,2.6
272031,32500,,,,0,None,Long-term on-the-job training,2.4,0.339,0.344,0.342,9,No,0.2,13,13.6,0.6,0.048,4.8
272042,30000,,,,0,None,Long-term on-the-job training,4,0.514,0.35,0.329,8,Yes,0.787,173.3,179.3,6,0.035,56.3
272099,37200,,,,0,None,Short-term on-the-job training,na,0.558,na,0.574,na,No,0.615,30,32.1,2.1,0.068,11.5
453021,30000,,,,0,None,Short-term on-the-job training,2.3,0.393,0.161,0.897,12,Yes,0.968,14.2,14.1,-0.01,-0.007,3.5